name,description,link
8 東中野～上高田コース（中級）,中野区,data/131148_Higashi-Nakano_-_Kamitakada_Course_(Intermediate).kml
9 平和の森公園～江古田の森公園コース（初級）,中野区,data/131148_Heiwa-no-Mori_Park_-__Egota-no-Mori_Park_Course_(Beginners).kml
10 妙正寺川コース（上級）,中野区,data/131148_Myoshoji_River_Course_(Advanced).kml
11 鷺ノ宮駅～野方駅コース（中級）,中野区,data/131148_Saginomiya_Sta_-__Nogata_Sta_Course(Intermediate).kml
12 双鷺公園～白鷺せせらぎ公園コース（初級）＜メインルート＞,中野区,data/131148_Souro_Park_-_Shirasagi_Seseragi_Park_Course(Beginners)_Main_route.kml
千早長崎コース,豊島区,data/131164_Chihaya_Nagasaki_Course.kml
巣鴨南コース ,豊島区,data/131164_Sugamo-minami_South_Course.kml
巣鴨東コース,豊島区,data/131164_Sugamo-higashi_East_Course.kml
椎名町駅周辺コース,豊島区,data/131164_Shiinamachi_Sta_Area_Course.kml
池袋大回りコース,豊島区,data/131164_Long_Ikebukuro_Tour_Course.kml
駒込コース,豊島区,data/131164_Komagome_Course.kml
鬼子母神探索コース,豊島区,data/131164_Find_Kishimojin_Course.kml
東十条～王子神谷～豊島～堀船～荒川遊園,北区,data/131172_Higashi_Jujo_-_Oji-Kamiya_-_Toshima_-_Horifune_-_Arakawa_Yuen_park.kml
浮間舟渡～北赤羽～赤羽,北区,data/131172_Ukima-Funado_-_Kita-Akabane_-_Akabane.kml
王子～板橋,北区,data/131172_Oji_-_Itabashi.kml
荒川遊園～田端～西ヶ原～王子,北区,data/131172_Arakawa_Yuen_park_-_Tabata_-_Nishigahara_-_Oji.kml
赤羽～十条～王子,北区,data/131172_Akabane_-_Jujo_-_Oji.kml
赤羽～志茂～岩淵～赤羽,北区,data/131172_Akabane_-_Shimo_-_Iwabuchi_-_Akabane.kml
コミュニティバス｢さくら｣コース,荒川区,data/131181_Arakawa_City_Community_Bus_Sakura_Route.kml
チャレンジコース,荒川区,data/131181_Challenging_Route.kml
千代田線コース,荒川区,data/131181_Chiyoda_Line_Route.kml
尾久の原公園ルート,荒川区,data/131181_Ogunohara_Park_Route.kml
常磐線コース,荒川区,data/131181_Joban_Line_Route.kml
新しい街並み散策ルート,荒川区,data/131181_Walking_Route_through_Recently_Developed_Streetscapes.kml
日暮里・舎人ライナーコース,荒川区,data/131181_Nippori-Toneri_Liner_Route.kml
明治通り沿い都営バスコース,荒川区,data/131181_Toei_Bus_Route_along_Meiji-Dori_(Ave).kml
歴史と文化のルート,荒川区,data/131181_Historical_and_Cultural_Route.kml
汐入ぐるっとコース,荒川区,data/131181_Shioiri_District_Walking_Tour_Route.kml
都電とバラの花ルート(往復),荒川区,data/131181_Toden_and_Rose_Flower_Route_(Round_Trip).kml
隅田川の川沿い散策ルート(往復),荒川区,data/131181_Sumida_Riverside_Walking_Route_(Round_Trip).kml
光が丘駅～地下鉄赤塚駅コース,練馬区,data/131202_Hikarigaoka_Sta_-_Chikatetsu-Akatsuka_Sta_Course.kml
光が丘駅～田柄 周回コース,練馬区,data/131202_Hikarigaoka_Sta_-_Tagara_Area_Course.kml
平和台駅～光が丘美術館コース,練馬区,data/131202_Heiwadai_Sta_-_Hikarigaoka_Museum_of_Art_Course.kml
平和台駅～地下鉄赤塚駅コース,練馬区,data/131202_Heiwadai_Sta_-_Chikatetsu-Akatsuka_Sta_Course.kml
公園めぐり松の風コース,練馬区,data/131202_Park_Tour_-_Matsunokaze_Park_Course.kml
白子川カタクリの花コース,練馬区,data/131202_Shirako-gawa_River_Dogtooth_Violet_Course.kml
練馬のはしっこ陽だまりコース,練馬区,data/131202_Sunny_Nerima_Outskirts_Course.kml
中川沿いエリア,葛飾区,data/131229_Area_alongside_Nakagawa_River.kml
亀有・お花茶屋エリア,葛飾区,data/131229_Kameari_and_Ohanajaya_Area.kml
亀有・綾瀬エリア,葛飾区,data/131229_Kameari_and_Ayase_Area.kml
亀有・青戸エリア,葛飾区,data/131229_Kameari_and_Aoto_Area.kml
堀切・お花茶屋エリア,葛飾区,data/131229_Horikiri_and_Ohanajaya_Area.kml
小菅エリア,葛飾区,data/131229_Kosuge_Area.kml
新小岩エリア,葛飾区,data/131229_Shin-Koiwa_Area.kml
東金町エリア,葛飾区,data/131229_Higashi-Kanamachi_Area.kml
柴又エリア～七福神めぐり～,葛飾区,data/131229_Shibamata_Area_-_Shichifukujin_(seven_gods_of_good_fortune)_Tour_-.kml
柴又観光コース,葛飾区,data/131229_Shibamata_Sightseeing_Route.kml
水元エリア,葛飾区,data/131229_Mizumoto_Area.kml
水元・柴又エリア～寅さんの柴又帝釈天と水元公園へのみち～,葛飾区,data/131229_Mizumoto_and_Shibamata_Area_-_Tora-sans_Road_to_Shibamata_Taishakuten_and_Mizumoto_Park.kml
立石・四つ木エリア,葛飾区,data/131229_Tateishi_and_Yotsugi_Area.kml
立石・新小岩エリア,葛飾区,data/131229_Tateishi_and_Shin-Koiwa_Area.kml
細田・新小岩エリア,葛飾区,data/131229_Hosoda_and_Shin-Koiwa_Area.kml
西水元エリア,葛飾区,data/131229_Nishi-Mizumoto_Area.kml
金町・亀有エリア,葛飾区,data/131229_Kanamachi_and_Kameari_Area.kml
金町・青戸エリア,葛飾区,data/131229_Kanamachi_and_Aoto_Area.kml
金町・高砂エリア,葛飾区,data/131229_Kanamachi_and_Takasago_Area.kml
高砂・奥戸エリア,葛飾区,data/131229_Takasago_and_Okudo_Area.kml
安全・安心コース,葛飾区,data/131229_Safe_and_Reassured_Route.kml
健脚コース,葛飾区,data/131229_Route_for_Strong_Walkers.kml
超健脚コース,葛飾区,data/131229_Route_for_Very_Strong_Walkers.kml
Aコース 柴崎体育館～水辺、普濟寺を歩く,立川市,data/132021_Course_A_Walking_the_Shibasaki_Gymnasium_Water_sides_and_Fusai-jia_Temple.kml
Bコース 武蔵砂川駅～緑の中を立川市役所へ,立川市,data/132021_Course_B_Visiting_Musashi-Sunagawa_Sta._to_Tachikawa_City_Hall_in_Nature.kml
Cコース 玉川上水駅～阿豆佐味天神社～古民家園を歩く,立川市,data/132021_Course_C_Visiting_Tamagawa-Josui_Sta._Azusamiten-jinja_Shrine_and_Old_Private_Residences.kml
三鷹駅Aコース　おすすめ遊歩道をたどり武蔵野中央公園へ,武蔵野市,data/132039_Mitaka_Sta._Route_AWalk_along_the_recommended_pedestrian_walkway_to_visit_Musashino-Chuo_Park.kml
三鷹駅Bコース　戦争の跡地を訪ねて,武蔵野市,data/132039_Mitaka_Sta._Route_BVisit_war_sites.kml
吉祥寺駅Aコース　水と緑が心を癒す 井の頭恩賜公園を満喫,武蔵野市,data/132039_Kichijoji_Sta.Route_A_Enjoy_the_healing_water_and_green_foliage_at_Inokashira_Park.kml
吉祥寺駅Bコース　武蔵野七福神めぐりを歩こう,武蔵野市,data/132039_Kichijoji_Sta.Route_B_Take_a_walking_tour_of_Musashino_Shichifukujin(seven_gods_of_good_fortune).kml
武蔵境駅Aコース　身近な自然に親しむ公園めぐり,武蔵野市,data/132039_Musashi-Sakai_Sta._Route_A_Walking_tour_of_parks_with_nature_near_the_town.kml
武蔵境駅Bコース　武蔵野の豊かな緑と歴史を訪ね歩こう,武蔵野市,data/132039_Musashi-Sakai_Sta._Route_B_Walking_tour_to_enjoy_abundant_greenery_and_study_the_history_of_Musashino.kml
四谷体育館コース～府中多摩川かぜのみち四谷を歩く～(メインコース) ,府中市,data/132063_Yotsuya_Gymnasium_Course_Walk_Fuchu_Tamagawa_Kaze-no-michi_Walking_Path_Yotsuya_Main_Course.kml
押立体育館コース ～いききの道と多摩川のいにしえをめぐる～(メインコース),府中市,data/132063_Oshitate_Gymnasium_Course_Tour_visiting_old_times_of_Ikiki-no-michi_and_Tama-gawa_River_Main_Course.kml
日吉体育館コース ～府中の歴史を感じよう～(ショートコース),府中市,data/132063_Hiyoshi_Gymnasium_Course_Experience_the_History_of_Fuchu_Short_Course.kml
日吉体育館コース ～府中の歴史を感じよう～(メインコース),府中市,data/132063_Hiyoshi_Gymnasium_Course_Experience_the_History_of_Fuchu_Main_Course.kml
本宿体育館コース～豊かな緑が途切れなく続く散策路～(メインコース) ,府中市,data/132063_Honshuku_Gymnasium_Course_A_Walking_Path_of_Abundant_Uninterrupted_Green_Space_Main_Course.kml
栄町体育館コース ～豊かな学生のまち栄路を歩こう～(メインコース),府中市,data/132063_Sakaecho_Gymnasium_Course_Walk_the_Rich_College_Town_of_Sakaecho_Main_Course.kml
白糸台体育館コース ～浅間山の緑と武蔵野の小径～(メインコース),府中市,data/132063_Shiraitodai_Gymnasium_Course_The_Greens_of_Mt.Sengen_and_Paths_in_Musashino_Main_Course.kml
総合体育館コース～郷土の森と自然あふれる散歩道～(メインコース),府中市,data/132063_General_Gymnasium_Course_Local_Forest_and_Nature_Walking_Path_Main_Course.kml
ROUTE1 上水・用水コース,小平市,data/132110_ROUTE1_AqueductIrrigation_canal_course.kml
ROUTE2 カルチャーコース,小平市,data/132110_ROUTE2_Culture_course.kml
ROUTE3 街道コース,小平市,data/132110_ROUTE3_Kaido_(Highway)_course.kml
ROUTE4 遺跡コース,小平市,data/132110_ROUTE4_Archeological_site_course.kml
ROUTE5 小平ふるさとコース,小平市,data/132110_ROUTE5_Kodaira_Furusato_course.kml
かたらいの路コース～多摩丘陵の尾根のさんぽ道～,日野市,data/132128_Katarai_path_Course_Walkway_of_Tama-kyuryo_hill_ridge.kml
さくらコース～贅沢な桜並木のはしごコース～,日野市,data/132128_Cherry_blossom_Course_Walk_along_the_rows_of_cherry_blossom_trees.kml
ひの煉瓦コース～ひの煉瓦の歴史を訪ねる～,日野市,data/132128_Hino_brick_Course_Visit_Hinos_historical_brick_sites.kml
七生丘陵散策路東コース～起伏に富んだ自然ハイキングコース～,日野市,data/132128_Nanao-kyuryo_East_Course_Try_a_rugged_nature_hike.kml
七生丘陵散策路西コース～丘陵の季節を味わう～,日野市,data/132128_Nanao-kyuryo_West_Course_Enjoy_the_seasons_of_the_hills.kml
南平丘陵散策・かたらいの路コース～多摩丘陵の尾根のさんぽ道～,日野市,data/132128_Minamidaira-kyuryoKatarai_path_Course_Walkway_of_Tama-kyuryo_hill_ridge.kml
多摩川を歩こう!コース～多摩川の魅力あふれる自然にふれる～ 上級コース,日野市,data/132128_Lets_walk_the_Tama-gawa_River_Course_Experience_the_charm_of_nature_Advanced_course.kml
多摩川を歩こう!コース～多摩川の魅力あふれる自然にふれる～ 中級コース,日野市,data/132128_Lets_walk_the_Tama-gawa_River_Course_Experience_the_charm_of_nature_Intermediate_course.kml
多摩川を歩こう!コース～多摩川の魅力あふれる自然にふれる～ 初級コース,日野市,data/132128_Lets_walk_the_Tama-gawa_River_Course_Experience_the_charm_of_nature_Beginner_course.kml
新選組コース～新選組ゆかりの地を巡る～,日野市,data/132128_Shinsengumi_Course_Visit_places_associated_with_the_Shinsengumi.kml
日野の原風景コース～農の風景との出会いに四季の移ろいを感じる～,日野市,data/132128_Original_Hino_landscape_Course_feel_the_change_of_seasons_by_the_scenery_of_the_farms.kml
東光寺散策東コース～日野の農園を巡る Part1 ～,日野市,data/132128_Tokoji_Temple_East_Course_Visit_the_farms_in_Hino_PART_1.kml
東光寺散策西コース～日野の農園を巡る Part2 ～,日野市,data/132128_Tokoji_Temple_West_Course_Visit_the_farms_in_Hino_PART_2.kml
水と緑の公園コース～水都日野の清流と緑を巡る～,日野市,data/132128_Parks_with_greenery_and_river_Course_Visit_the_clear_streams_and_greenery_of_the_water_capital_Hino.kml
浅川を歩こう!コース～市の鳥カワセミとの出会いを求めて～ 上級コース,日野市,data/132128_Lets_walk_the_Asakawa_River_Course_In_search_of_the_official_city_bird_the_kingfisher_Advanced.kml
浅川を歩こう!コース～市の鳥カワセミとの出会いを求めて～ 中級コース,日野市,data/132128_Lets_walk_the_Asakawa_River_Course_In_search_of_the_official_city_bird_the_kingfisher_Intermediat.kml
浅川を歩こう!コース～市の鳥カワセミとの出会いを求めて～ 初級コース,日野市,data/132128_Lets_walk_the_Asakawa_River_Course_In_search_of_the_official_city_bird_the_kingfisher_Beginner.kml
百草周遊・倉沢緑地コース～百草倉沢の自然・文化を巡る～,日野市,data/132128_Mogusa_tourKurasawa_Ryokuchi_Course_Enjoy_the_nature_and_culture_of_Mogusa-Kurasawa.kml
緑と黄葉のいちょうコース～いちょう並木満喫コース～,日野市,data/132128_Green_and_yellow_ginkgo_Course_Enjoy_the_rows_of_ginkgo_trees.kml
No.1 北の街 市境散歩,国立市,data/132152_No1_Northern_Kunitachi_A_walk_along_the_city_boundary.kml
No.2 一橋大学と大学通りの魅力再発見,国立市,data/132152_No2_Rediscover_the_attraction_of_Hitotsubashi_University_and_Daigaku-dori_Ave..kml
No.3 谷保一番地コース～はけの道と水路に沿って～,国立市,data/132152_No3_Yaho_Ichibanchi_Course_Walk_along_Hake-no-michi(road_along_the_cliff_line)_and_water_channels.kml
No.4 矢川の清流とママ下湧水が出会う道,国立市,data/132152_No4_A_course_touring_the_clear_stream_of_the_Yagawa_River_and_Mama-shita_spring_water_and_where_they_converge.kml
No.5 谷保地区の歴史を訪ねて,国立市,data/132152_No5_Yaho_area_Visiting_its_history.kml
No.6 東の市境散歩,国立市,data/132152_No6_A_walk_along_the_city_boundary_in_the_east.kml
No.7 江戸街道からさくら通りへ,国立市,data/132152_No7_From_Edo-kaido_Road_to_Sakura-dori_Street_A_tour_to_enjoy_parks_and_appreciate_a_variety_of_flowers.kml
No.8 谷保田圃の原風景を探して,国立市,data/132152_No8_Looking_for_unspoiled_landscape_of_rice_fields_in_Yaho.kml
No.9 多摩川の風に吹かれて,国立市,data/132152_No9_In_the_wind_blowing_across_the_Tamagawa_River.kml
R16アメリカンな街並,福生市,data/132187_R16_Americana_Town.kml
文化と森のウォーク,福生市,data/132187_Cultural_and_forest_walk.kml
歴史を感じるまちあるき,福生市,data/132187_Town_stroll_with_a_historical_feel.kml
水辺散策コース,福生市,data/132187_Waterside_course.kml
熊川分水巡りコース,福生市,data/132187_Kumagawa_River_diversion_course.kml
ひと駅歩いてもうひと頑張りコース,東大和市,data/132209_Course_to_make_one_another_effort_to_the_next_station.kml
ひと駅歩こうコース,東大和市,data/132209_Course_to_walk_between_two_stations.kml
ウォーキングついでに健康遊具で若返りコース,東大和市,data/132209_Course_to_regain_your_youth_with_health_equipment_while_walking.kml
多摩湖パノラマコース～野球観戦のおりにはどうぞ～,東大和市,data/132209_Tama_Lake_Panorama_Course_Swing_by_when_you_go_out_to_watch_baseball_games.kml
東大和四季を感じる名所巡り～戦災遺跡・野火止用水～,東大和市,data/132209_our_of_the_hotspots_to_get_a_feel_for_the_four_seasons_of_Higashiyamato_War_remains_and_Nobidome_Yosui_irr.kml
東大和横断、歴史探索コース,東大和市,data/132209_Across_Higashiyamato_historical_discoveries_course.kml
神社巡り、緑の小道コース,東大和市,data/132209_Shrine_tour_and_green_paths_course.kml
空堀川、なにに出会えるか、わくわくコース,東大和市,data/132209_Adventure_course_What_will_you_encounter_at_Karabori-gawa_River.kml
自然満喫チャレンジコース,東大和市,data/132209_Fully_enjoying_nature_course_(for_those_who_like_a_challenge).kml
茶畑ぬけて、ちょこっとお参りコース,東大和市,data/132209_Mini_pilgrimage_through_tea_fields_course.kml
野火止用水でリフレッシュコース,東大和市,data/132209_Nobidome_Yosui_irrigation_canal_refresh_course.kml
いきいきコース - Aコース,武蔵村山市,data/132233_Iki-Iki_(Lively)_Course_A_Course.kml
いきいきコース - Bコース,武蔵村山市,data/132233_Iki-Iki_(Lively)_Course_B_Course.kml
わくわくコース - Aコース,武蔵村山市,data/132233_Waku-Waku_(Exciting)_Course_A_Course.kml
わくわくコース - Bコース,武蔵村山市,data/132233_Waku-Waku_(Exciting)_Course_B_Course.kml
デエダラ(大多羅法師の井戸)トンネルコース - Aコース,武蔵村山市,data/132233_Daidara_(Well_of_Daidara_Botchi)_Tunnel_Course_A_Course.kml
デエダラ(大多羅法師の井戸)トンネルコース - Bコース,武蔵村山市,data/132233_Daidara_(Well_of_Daidara_Botchi)_Tunnel_Course_B_Course.kml
せせらぎとモミジバフウコース,多摩市,data/132241_Stream_and_Maple_(Sweetgum)_Course.kml
バードウォッチングコース,多摩市,data/132241_Bird_Watching_Course.kml
乞田川の桜とカルガモコース,多摩市,data/132241_Kottagawa_Cherry_Blossoms_and_Spot-billed_Duck_Course.kml
多摩の名所満載コース,多摩市,data/132241_Fully-loaded_Tama_Sightseeing_Course.kml
大栗川と里山を巡るコース,多摩市,data/132241_Oguri-gawa_River_and_Foothills_Touring_Course.kml
子どもと巡る公園コース,多摩市,data/132241_Park_Course_for_Families.kml
小野神社と川風のコース,多摩市,data/132241_Ono-jinja_Shrine_and_River_Breeze_Course.kml
山登りの気分を味わうコース,多摩市,data/132241_Mountain_Climbing_Experience_Course.kml
桜と関戸の歴史散歩コース,多摩市,data/132241_Cherry_Blossoms_and_Sekido_History_Walking_Course.kml
水鳥の池を目指すコース,多摩市,data/132241_Course_in_Search_of_a_Waterfowl_Pond.kml
防人見返りの峠と富士山眺望コース,多摩市,data/132241_Sakimori_Mikaeri_Path_and_MtFuji_Lookout_Course.kml
電車見橋と遊歩道コース,多摩市,data/132241_Denshami-bashi_Bridge_and_Promenade_Course.kml
五日市エリア（初級）わんぱくコース,あきる野市,data/132284_Itsukaichi_Area_(Beginner)_Walk_and_play_course.kml
五日市エリア（中級）自然満喫コース,あきる野市,data/132284_Itsukaichi_Area_(Intermediate)_Abundant_nature_course.kml
五日市エリア（上級）筋力UPコース,あきる野市,data/132284_Itsukaichi_Area(Advanced)_Muscle_strength_building_up_course.kml
増戸エリア（初級）増戸パノラマコース,あきる野市,data/132284_Masuko_Area_(Beginner)_Masuko_panoramic_view_course.kml
増戸エリア（中級）四季自然を感じるコース,あきる野市,data/132284_Masuko_Area_(Intermediate)_A_course_offering_views_of_seasonal_changes_in_nature.kml
増戸エリア（上級）健脚コース,あきる野市,data/132284_Masuko_Area_(Advanced)_Good_walker_course.kml
多西エリア（初級）平井川散歩コース,あきる野市,data/132284_Tasai_Area_(Beginner)_Hiraigawa_River_walking_course.kml
多西エリア（中級）瀬戸岡古墳巡りコース,あきる野市,data/132284_Tasai_Area_(Intermediate)_A_course_touring_Sedooka-kofun_Tumulus.kml
多西エリア（上級）草花丘陵展望コース,あきる野市,data/132284_Tasai_Area_(Advanced)_Kusabana_Hill_view_course.kml
東秋留エリア（初級）かたらいコース,あきる野市,data/132284_Higashi-Akiru_Area_(Beginner)_Walk_and_chat_course.kml
東秋留エリア（中級）秋川ウォーキング銀座,あきる野市,data/132284_Higashi-Akiru_Area_(Intermediate)_Akigawa_Ginza_walking_in_various_styles.kml
東秋留エリア（上級）汗かき鍛錬コース,あきる野市,data/132284_Higashi-Akiru_Area_(Advanced)_Hard_and_sweating_course.kml
西秋留エリア（初級）のんびりコース,あきる野市,data/132284_Nishi-Akiru_Area_(Beginner)_Leisurely_walk_course.kml
西秋留エリア（中級）川のせせらぎコース,あきる野市,data/132284_Nishi-Akiru_Area_(Intermediate)_A_course_that_walks_along_the_murmuring_river.kml
西秋留エリア（上級）神社・寺院めぐりコース,あきる野市,data/132284_Nishi-Akiru_Area_(Advanced)_A_course_touring_shrines_and_temples.kml
A まちの里山コース,西東京市,data/132292_A_A_course_that_walks_traditional_rural_landscape_in_town.kml
B こもれ日の道コース,西東京市,data/132292_B_A_course_that_you_walk_in_sunlight_filtering_through_the_trees.kml
C 新しい道と懐かしさに触れるコース,西東京市,data/132292_C_A_course_that_lets_you_experience_both_new_and_old_roads.kml
D せせらぎ公園・社寺めぐりコース,西東京市,data/132292_D_A_course_touring_Seseragi_Park_and_Shrines_and_Temples.kml
E ひばりが丘・いこいの森コース,西東京市,data/132292_E_Hibarigaoka_and_Ikoinomori_Park_Course.kml
F 屋敷林と畑のコース,西東京市,data/132292_F_Homestead_woodland_and_farms_course.kml
G 上保谷コース,西東京市,data/132292_G_Kami-hoya_Course.kml
H 田無と東大農場コース,西東京市,data/132292_H_A_course_touring_Tanashi_and_Farm_of_the_University_of_Tokyo.kml
I 西原と多摩六都科学館コース,西東京市,data/132292_I_A_course_touring_Nishihara_and_Tamarokuto_Science_Center.kml
J 芝久保町のみどりを訪ねるコース,西東京市,data/132292_J_A_course_to_walk_green_fields_in_Shibakubo.kml
K 遺跡と水のコース,西東京市,data/132292_K_Ruins_and_riverside_walk_course.kml
L 坂のある町コース,西東京市,data/132292_L_A_course_touring_a_town_with_sloping_roads.kml
M 向台・緑道コース,西東京市,data/132292_M_Mukodai_and_Green_Road_Pass_Course.kml
N 向台・小金井公園コース,西東京市,data/132292_N_Mukodai_and_Koganei_Park_Course.kml
平井地区Aコース,日の出町,data/133051_Course_A_Hirai_area.kml
平井地区Bコース,日の出町,data/133051_Course_B_Hirai_area.kml
初級　中道・西道コース,利島村,data/133621_Beginner_CentralWest_Road_Course.kml
初級　東道コース,利島村,data/133621_Beginner_East_Road_Course.kml
中級　利島しあわせコース,利島村,data/133621_Intermediate_Toshima_Happiness_Course.kml
中級　利島とっておきコース,利島村,data/133621_Intermediate_Toshima_Special_Course.kml
上級　利島まんきつコース,利島村,data/133621_Advanced_Toshima_Full_Enjoyment_Course.kml
Tokyo健康ウオーク2016 - 7kmコース,※データ利用の際は、著作権者として「東京都・NPO法人ブレイブサークル運営委員会」を記載ください。,data/130001_TOKYO_HEALTH_WALK_2016_7km_Course.kml
Tokyo健康ウオーク2016 - 12kmコース,※データ利用の際は、著作権者として「東京都・NPO法人ブレイブサークル運営委員会」を記載ください。,data/130001_TOKYO_HEALTH_WALK_2016_12km_Course.kml
Tokyo健康ウオーク2017 - 6kmコース,※データ利用の際は、著作権者として「東京都・NPO法人ブレイブサークル運営委員会」を記載ください。,data/130001_TOKYO_HEALTH_WALK_2017_6km_Course.kml
Tokyo健康ウオーク2017 - 12kmコース,※データ利用の際は、著作権者として「東京都・NPO法人ブレイブサークル運営委員会」を記載ください。,data/130001_TOKYO_HEALTH_WALK_2017_12km_Course.kml
お台場しおかぜコース,港区,data/131032_Odaiba_Sea_Breeze_Route.kml
三田、麻布大使館めぐりコース,港区,data/131032_Walking_Tour_of_Embassies_in_Mita_and_Azabu.kml
三田から東京ミッドタウン・檜街公園、赤坂コース(Aコース),港区,data/131032_Mita_-_Tokyo_Midtown-Hinokicho_Park_-_Akasaka_Route(Route_A).kml
東京タワーから有栖川宮記念公園コース,港区,data/131032_Tokyo_Tower_-_Arisugawa-no-miya_Memorial_Park_Route.kml
泉岳寺から白金プラチナコース,港区,data/131032_Sengakuji_temple_-_Shirokane_Platinum_Route.kml
芝公園一周コース,港区,data/131032_Shiba_Park_Circuit_Route.kml
芝浦ウォーターフロントコース,港区,data/131032_Shibaura_Waterfront_Route.kml
赤坂御用地一周と青山霊園、六本木コース,港区,data/131032_Akasaka_Imperial_GroundsAoyama_Reien_and_Roppongi_Route.kml
アカデミックなまちで昭和レトロと自然を堪能,新宿区,data/131041_An_academic_part_of_town_to_satisfy_your_Showa_retro_and_nature_needs.kml
伝説の地から大都会のオアシスへ,新宿区,data/131041_From_a_land_of_tradition_to_a_vast_urban_oasis.kml
哲学堂公園から落合文士村をめぐる,新宿区,data/131041_Taking_in_Ochiai_Bunshimura_(literary_village)_from_Tetsugakudo_park.kml
四季折々に美しい神田川沿いの遊歩道を歩く,新宿区,data/131041_Walk_along_the_Kanda-gawa_River_promenades_through_the_beautiful_seasonally_changing_scenery.kml
山手線内最高峰と漱石山房記念館をめぐる,新宿区,data/131041_Taking_in_the_Natsume_Soseki_Memorial_Museum_and_the_highest_summit_within_the_Yamanote_Line.kml
新宿シティハーフマラソンコースをたどりスポーツの杜へ,新宿区,data/131041_Follow_the_Shinjuku_City_Half_Marathon_course_to_a_recreation_forest.kml
新宿御苑から新宿の発祥内藤新宿をめぐる,新宿区,data/131041_Starting_from_Shinjuku_Gyoen_and_taking_in_Naito-Shinjuku_the_cradle_of_Shinjuku.kml
粋なまち’神楽坂'を満喫,新宿区,data/131041_Get_your_fill_of_the_hip_streets_of_Kagurazaka.kml
自然豊かで芸術の香りが漂う落合を訪ねる,新宿区,data/131041_Visit_Ochiai_where_the_scent_of_abundant_nature_and_art_are_in_the_air.kml
西新宿で大人な街あるき,新宿区,data/131041_Walking_the_sophisticates_town_of_Nishi-Shinjuku.kml
見どころ満載の四谷で、歴史探索,新宿区,data/131041_Historical_exploration_of_the_plentiful_highlights_of_Yotsuya.kml
鉄炮組百人隊ゆかりの地から新たな歌舞伎町へ,新宿区,data/131041_From_a_place_associated_with_the_Teppo-gumi_Hyakunintai_(100-member_gun_squad)_to_the_all-new_Kabukicho.kml
Aコース（隅田公園）,台東区,data/131067_Course_A_(Sumida_Park).kml
Bコース（竹町地区健康推進委員おすすめ）,台東区,data/131067_Course_B_(Takecho_Area_Health_Promotion_Committee_Recommendation).kml
Cコース（東上野地区健康推進委員おすすめ）,台東区,data/131067_Course_C_(Higashi_Ueno_Area_Health_Promotion_Committee_Recommendation).kml
Dコース（上野地区健康推進委員おすすめ）,台東区,data/131067_Course_D_(Ueno_Area_Health_Promotion_Committee_Recommendation).kml
Eコース（入谷地区健康推進委員おすすめ）,台東区,data/131067_Course_E_(Iriya_Area_Health_Promotion_Committee_Recommendation).kml
Fコース（金杉地区健康推進委員おすすめ）,台東区,data/131067_Course_F_(Kanasugi_Area_Health_Promotion_Committee_Recommendation).kml
Gコース（浅草橋地区健康推進委員おすすめ）,台東区,data/131067_Course_G_(Asakusabashi_Area_Health_Promotion_Committee_Recommendation).kml
Hコース（寿地区健康推進委員おすすめ） - 吉原仲之町通りルート,台東区,data/131067_Course_H_(Kotobuki_Area_Health_Promotion_Committee_Recommendation)_-Yoshiwara_Nakanocho-dori_AveRoute.kml
Iコース（雷門地区健康推進委員おすすめ）,台東区,data/131067_Course_I_(Kaminarimon_Area_Health_Promotion_Committee_Recommendation).kml
Jコース（馬道地区健康推進委員おすすめ） - 吉原仲之町通りルート,台東区,data/131067_Course_J_(Umamichi_Area_Health_Promotion_Committee_Recommendation)_-_Yoshiwara_Nakanocho-dori_AveRoute.kml
Kコース（清川地区健康推進委員おすすめ）,台東区,data/131067_Course_K_(Kiyokawa_Area_Health_Promotion_Committee_Recommendation).kml
Lコース（上野・浅草コース）,台東区,data/131067_Course_L_(Ueno_and_Asakusa_Course).kml
Mコース（1万歩コース）,台東区,data/131067_Course_M_(10000_Steps_Course).kml
橋めぐりコース（白鬚橋～左衛門橋）,台東区,data/131067_Bridge_Tour_Course_(Shirahige-bashi_Bridge_-_Saemon-bashi_Bridge).kml
おいしい野菜とウォーキング　心も体も大満足な野菜コース,墨田区,data/131075_Delicious_vegetables_and_walking__Vegetable_walking_course_to_satisfy_your_mind_and_body.kml
すみだの自然を再発見! 爽快リバービューコース,墨田区,data/131075_Rediscover_nature_in_Sumida_A_refreshing_river_view_course.kml
すみだの魅力が凝縮! 江戸の粋に出会えるコース,墨田区,data/131075_Condenses_Sumidas_great_points_down_A_course_to_see_the_essence_of_Edo.kml
南北縦断！のんびり寺社めぐりコース,墨田区,data/131075_From_the_south_to_the_north_A_course_leisurely_touring_temples_and_shrines.kml
名物の甘味でひと休みもOK すみだの名刹をめぐるコース,墨田区,data/131075_You_can_take_a_short_break_over_the_specialty_sweets._A_course_touring_Sumidas_famous_temples.kml
向島を愛した文人たちの足跡を訪ねる文学散歩コース,墨田区,data/131075_Literary_walking_course_tracing_the_footprints_of_writers__who_loved_Mukojima.kml
東部のおだやかな自然と歴史ある寺社をめぐるコース,墨田区,data/131075_A_course_touring_the_eastern_regions_quiet_nature_and_historical_temples.kml
歩いた後はひとっ風呂! 緑と下町を感じるコース,墨田区,data/131075_A_bath_after_you_walk_A_course_to_see_nature_and_shitamachi_neighborhoods..kml
歴史と自然を感じながら名所をめぐる江戸散歩コース,墨田区,data/131075_Edo_walking_course_touring_attractions__while_feeling_history_and_nature.kml
潤いあふれる憩いの場。都会のオアシス散策コース,墨田区,data/131075_A_place_to_rest_and_relax._A_course_that_walks_an_oasis_in_the_city.kml
空・風・緑が心地よい快適リバービューコース,墨田区,data/131075_Comfortable_river_view_course_with_the_pleasant_feeling_of_the_sky_breeze_and_green.kml
緑ゆたかな公園と、歴史を感じながら歩くコース,墨田区,data/131075_This_is_a_course_that_lets_you_experience_lush_green_parks_and_history_as_you_walk.kml
センタープロムナード,江東区,data/131083_Center_Promenade.kml
下町亀戸ご利益・グルメ満喫,江東区,data/131083_Full_of_the_divine_benefits_and_gourmet_food_of_Shitamachi_Kameido.kml
埋立地の緑をめぐる,江東区,data/131083_Touring_green_areas_in_the_landfill.kml
潮風漂う荒川に沿って葛西橋へ「砂町の歴史を探そう」,江東区,data/131083_Explore_the_history_of_Sunamachi_district.kml
季節の草木を楽しみながら歩く,江東区,data/131083_Walking_and_enjoying_the_trees_and_flowers_of_the_season.kml
有明（お台場）青海,江東区,data/131083_Ariake_(Odaiba)_Aomi.kml
水辺の散歩道～アオサギに会える道～,江東区,data/131083_Waterfront_walking_course_-_pathway_where_you_can_see_gray_herons-.kml
深川、歴史と文化の散策,江東区,data/131083_Exploring_history_and_culture_in_Fukagawa.kml
深川・豊洲水辺散策,江東区,data/131083_Waterfront_walking_in_Fukagawa_and_Toyosu.kml
湾岸にある陸・海・空のスポット,江東区,data/131083_Attractive_land_sea_and_sky_spots_in_the_bayside_area.kml
緑と花の 川沿いウォーキング,江東区,data/131083_Walking_along_the_river_full_of_greenery_and_flowers.kml
自然がいっぱい 四季折々満足,江東区,data/131083_Filled_with_rich_nature_and_the_delights_of_the_four_seasons.kml
芭蕉の史跡めぐり～芭蕉に会いに行こう～,江東区,data/131083_Touring_historical_sites_of_Basho_-Lets_go_visit_Basho-.kml
運河･自然満喫,江東区,data/131083_Great_scenery_of_canals_and_nature.kml
世田谷・砧・鳥山地域コース,世田谷区,data/131121_SetagayaKinutaKarasuyama_Area_Course.kml
北沢地域コース,世田谷区,data/131121_Kitazawa_Area_Course.kml
玉川地域コース,世田谷区,data/131121_Tamagawa_Area_Course.kml
代々木コース,渋谷区,data/131130_Yoyogi_Course.kml
代官山&渋谷コース,渋谷区,data/131130_Daikanyama_and_Shibuya_Course.kml
初台&西原コース,渋谷区,data/131130_Hatsudai_and_Nishihara_Course.kml
原宿&千駄ヶ谷コース,渋谷区,data/131130_Harajuku_and_Sendagaya_Course.kml
広尾コース,渋谷区,data/131130_Hiroo_Course.kml
恵比寿ガーデンプレイスコース,渋谷区,data/131130_Yebisu_Garden_Place_Course.kml
明治神宮&代々木公園コース,渋谷区,data/131130_Meiji-jingu_Shrine_and_Yoyogi_Park_Course.kml
本町&幡ヶ谷コース,渋谷区,data/131130_Honmachi_and_Hatagaya_Course.kml
美術館コース,渋谷区,data/131130_Art_Gallery_Course.kml
荻窪駅から歴史を訪ねるロング・コース,杉並区,data/131156_Long_Course_from_Ogikubo_Sta_to_Revisit_History.kml
高井戸から公園散策コース,杉並区,data/131156_Park_Walking_Course_from_Takaido.kml
高井戸から寺町散策コース,杉並区,data/131156_Temple_Town_Walking_Course_from_Takaido.kml
1 中野駅～哲学堂公園周遊コース（上級）,中野区,data/131148_1_Nakano_Sta_-_Tetsugakudo_Park_Circuit_Course_(Advanced).kml
2 哲学堂公園周遊コース（初級）,中野区,data/131148_2_Tetsugakudo_Park_Circuit_Course_(Beginners).kml
3 中野四季の森公園～中部スポーツ・コミュニティプラザコース（初級）＜メインルート＞,中野区,data/131148_3_Nakano_Shiki-no-Mori_Park_-_Chubu_Sports_Community_Plaza_Course_(Beginners).kml
4 中野四季の森公園周遊コース（初級）,中野区,data/131148_4_Nakano_Shiki-no-Mori_Park_Circuit_Course_(Beginners).kml
5 桃園川緑道～神田川コース（中級）,中野区,data/131148_5_Momozonogawa_Greenway_-_Kanda_River_Course_(Intermediate).kml
